﻿<parameters>
  <parameter name="IIS Web Application Name" defaultValue="Default Web Site/Genome_deploy" tags="IisApp">
    <parameterEntry kind="ProviderPath" scope="IisApp" match="^C:\\Users\\Ryan\ Sample\\Documents\\GitHub\\distributed-genomic-assembly\\Genome\\obj\\Release\\Package\\PackageTmp$" />
    <parameterEntry kind="ProviderPath" scope="setAcl" match="^C:\\Users\\Ryan\ Sample\\Documents\\GitHub\\distributed-genomic-assembly\\Genome\\obj\\Release\\Package\\PackageTmp$" />
  </parameter>
  <parameter name="DefaultConnection-Web.config Connection String" description="DefaultConnection Connection String used in web.config by the application to access the database." defaultValue="Server=localhost;Database=GENOME;Uid=root;Pwd=csgenome;" tags="SqlConnectionString">
    <parameterEntry kind="XmlFile" scope="C:\\Users\\Ryan\ Sample\\Documents\\GitHub\\distributed-genomic-assembly\\Genome\\obj\\Release\\Package\\PackageTmp\\Web\.config$" match="/configuration/connectionStrings/add[@name='DefaultConnection']/@connectionString" />
  </parameter>
  <parameter name="Genome.Models.GenomeAssemblyDbContext-Web.config Connection String" description="Genome.Models.GenomeAssemblyDbContext Connection String used in web.config by the application to access the database." defaultValue="Genome.Models.GenomeAssemblyDbContext_ConnectionString" tags="SqlConnectionString">
    <parameterEntry kind="XmlFile" scope="C:\\Users\\Ryan\ Sample\\Documents\\GitHub\\distributed-genomic-assembly\\Genome\\obj\\Release\\Package\\PackageTmp\\Web\.config$" match="/configuration/connectionStrings/add[@name='Genome.Models.GenomeAssemblyDbContext']/@connectionString" />
  </parameter>
</parameters>